Title,ProcedureName,Standard,Revision,SystemEnd,EquipmentGroups,Customers,SetupHours,TestHours,ReportingHours,Samples,ConsumablesCost,Description
TP-GM-01,Resonance Durability,Appx C,Rev. 01,AMBOS,,CLI-GM,0,0,0,1,0,
TP-GM-02,Physical Durability Aging Cycle,Appx C,Rev. 01,AMBOS,,CLI-GM,20,300,14,1,0,
TP-GM-03,Substrate Retention Cold Vibration Aging,Appx C,Rev. 01,AMBOS,,CLI-GM,16,150,16,1,0,
TP-GM-04,Container Thermal Shock Ageing Cycle,Appx C,Rev. 01,AMBOS,,CLI-GM,15,20,12,1,0,
TP-GM-05,Substrate Thermal Shock,Appx C,Rev. 01,AMBOS,,CLI-GM,11,700,13,1,0,
TP-GM-06,Exhaust backpressure,GMW16372,Rev. 01,AMBOS,,CLI-GM,0,0,0,1,0,
TP-GM-07,Joint Leakage,GMW15261,Rev. 01,AMBOS,,CLI-GM,9,9,7,1,0,
TP-GM-08,Hanger Dynamic Stifness,GMW14182,Rev. 01,AMBOS,,CLI-GM,9,5,19,1,0,
TP-GM-09,Muffler Thermal Shock,GMW14380,Rev. 01,AMBOS,,CLI-GM,0,0,0,1,0,
TP-GM-10,Hanger Durability,GMW14381 / GMW16941,Rev. 01,AMBOS,,CLI-GM,0,0,0,1,0,
TP-GM-11,Pipe Durability,GMW14390 / GMW18104,Rev. 01,AMBOS,,CLI-GM,0,0,0,1,0,
TP-STL-01,Vibrational Analysis,90.160 - 9.4,Rev. 01,AMBOS,,CLI-STL,0,0,0,1,0,
TP-STL-02,Modal Analysis,90.160 - 9.5 and 7-A7515,Rev. 01,AMBOS,,CLI-STL,12,16,40,1,0,
TP-STL-03,Thermal Shock on Engine Bench,90.160 - 9.6,Rev. 01,AMBOS,,CLI-STL,0,0,0,1,0,
TP-STL-04,Resonance Durability,90.160 - 9.7,Rev. 01,AMBOS,,CLI-STL,0,0,0,1,0,
TP-STL-05,Converter thermal shock,90.160 - 9.8,Rev. 01,AMBOS,,CLI-STL,25,30,41,1,0,
TP-STL-06,Hot vibration test,90.160 - 9.9,Rev. 01,AMBOS,,CLI-STL,21,82,25,1,0,
TP-STL-07,Cold vibration test,90.160 - 9.10,Rev. 01,AMBOS,,CLI-STL,21,82,24,1,0,
TP-STL-08,Hot fatigue test,90.160 - 9.11,Rev. 01,AMBOS,,CLI-STL,11,232.8,30,1,0,
TP-STL-09,Hot Vibration Manifold Joint Durability,90.160 - 9.12,Rev. 01,AMBOS,,CLI-STL,0,0,0,1,0,
TP-STL-10,Joint Integrity,90238 – 9.14 and 90160 – 9.13,Rev. 01,AMBOS,,CLI-STL,18,81,27,1,0,
TP-STL-11,Burner Thermal Shock Test,90160 - 9.21,Rev. 01,AMBOS,,CLI-STL,24,1089,38,1,0,
TP-STL-12,Time to Dry,90238 - 5.3.1 and 7.T4193,Rev. 01,AMBOS,,CLI-STL,0,0,0,1,0,
TP-STL-13,NVH,90238 - 7.3,Rev. 01,AMBOS,,CLI-STL,0,0,0,1,0,
TP-STL-14,Modal Analysis,90238 - 7.3.8 and 7-A7515,Rev. 01,AMBOS,,CLI-STL,0,0,0,1,0,
TP-STL-15,Flow Restriction (Backpressure),90238 - 7.4 and 7.A3758,Rev. 01,AMBOS,,CLI-STL,11,8,18,1,0,
TP-STL-16,Internal Condensate Evacuation,90238 - 7.6,Rev. 01,AMBOS,,CLI-STL,0,0,0,1,0,
TP-STL-17,Load Data Acquisition,90238 - 9.4,Rev. 01,AMBOS,,CLI-STL,0,0,0,1,0,
TP-STL-18,Cold Fatigue,90238 - 9.8,Rev. 01,AMBOS,,CLI-STL,0,0,0,1,0,
TP-STL-19,Muffler Thermal Shock,90238 - 9.10,Rev. 01,AMBOS,,CLI-STL,0,0,0,1,0,
TP-STL-20,Decomposition Tube Internal Shock,90.301 - 9.1.1,Rev. 01,AMBOS,,CLI-STL,22,360,40,1,0,
TP-STL-21,Mixer resonance test,90.301 - 9.5,Rev. 01,AMBOS,,CLI-STL,0,0,0,1,0,
TP-STL-22,Tail Pipe Noise,B32 3140,Rev. 01,AMBOS,,CLI-STL,0,0,0,1,0,
TP-STL-23,Subjective Noise,B32 3140,Rev. 01,AMBOS,,CLI-STL,0,0,0,1,0,
TP-STL-24,Backpressure,B32 3110,Rev. 01,AMBOS,,CLI-STL,0,0,0,1,0,
TP-STL-25,Modal test,B22 3120 - 5.1.3.2.3,Rev. 01,AMBOS,,CLI-STL,0,0,0,1,0,
TP-STL-26,Fatigue test for joint,B32 0730,Rev. 01,AMBOS,,CLI-STL,0,0,0,1,0,
TP-STL-27,Condensate evacuation,B32 3200,Rev. 01,AMBOS,,CLI-STL,0,0,0,1,0,
TP-STL-28,Hot shake for canning,B22 3210,Rev. 01,AMBOS,,CLI-STL,0,0,0,1,0,
TP-STL-29,Thermal shock,Acc. ST Project,Rev. 01,AMBOS,,CLI-STL,0,0,0,1,0,
TP-STL-30,Ressonance Test,Acc. ST Project,Rev. 01,AMBOS,,CLI-STL,0,0,0,1,0,
TP-FRD-01,Thermal fatigue rig test,CETP 09.00-E-306,Rev. 01,AMBOS,,CLI-FRD,0,0,0,1,0,
TP-FRD-02,Catalytic Converter & Pipe HeatShield Structural Durability Screening Test,CETP 09.00-L-306,Rev. 01,AMBOS,,CLI-FRD,0,0,0,1,0,
TP-FRD-03,Global Catalytic Converter Water Quench,CETP 09.02-E-303,Rev. 01,AMBOS,,CLI-FRD,7,14,19,1,0,
TP-FRD-04,Global Emission Assembly Mechanical Step Stres,CETP 09.02-E-308,Rev. 01,AMBOS,,CLI-FRD,0,0,0,1,0,
TP-FRD-05,Manifold Crack test,CETP 03.01-L-312,Rev. 01,AMBOS,,CLI-FRD,0,0,0,1,0,
TP-FRD-06,High Speed Dyno,CETP09.00-E-308,Rev. 01,AMBOS,,CLI-FRD,0,0,0,1,0,
TP-FRD-07,Cold Flow Back-pressure,CETP 09.00-L-403,Rev. 01,AMBOS,,CLI-FRD,14,4.8,11,1,0,
TP-FRD-08,Tail Pipe Noise,CETP 09.00-L-901,Rev. 01,AMBOS,,CLI-FRD,0,0,0,1,0,
TP-FRD-09,Condensate Evacuatione,CETP 09.00-E-400,Rev. 01,AMBOS,,CLI-FRD,0,0,0,1,0,
TP-FRD-10,Life Fatigue Curves (S-N Curve),CETP 09.00-E-309,Rev. 01,AMBOS,,CLI-FRD,0,0,0,1,0,
TP-FRD-11,Hot Vibration Manifold Joint Durability,TM-09.03-E-300,Rev. 01,AMBOS,,CLI-FRD,0,0,0,1,0,
TP-VW-01,Hot Shaker Test,EP 18310.55,Rev. 01,AMBOS,,CLI-VW,0,0,0,1,0,
TP-VW-02,Thermal Fatigue Test,EP 18310.55,Rev. 01,AMBOS,,CLI-VW,0,0,0,1,0,
TP-VW-03,Crack Test Under Overrun Conditions,EP EP18100.20,Rev. 01,AMBOS,,CLI-VW,0,0,0,1,0,
TP-VW-04,Fatigue Test,TL 82391,Rev. 01,AMBOS,,CLI-VW,8,135,15,1,0,
TP-HYU-01,NVH Test,ES 28600-09 6.3,Rev. 01,AMBOS,,CLI-HYU,0,0,0,1,0,
TP-HYU-02,Hanger / Pipe Durability,ES 28600-22,Rev. 01,AMBOS,,CLI-HYU,14,109,12,1,0,
TP-HYU-03,Backpressure,ES 28600-09 - 6.1,Rev. 01,AMBOS,,CLI-HYU,3,4,12,1,0,
TP-HYU-04,Hot & Cold Vibration,ES28530-01,Rev. 01,AMBOS,,CLI-HYU,0,0,0,1,0,
TP-HYU-05,Radiation Noise Test,ES 28600-09 - 6.4,Rev. 01,AMBOS,,CLI-HYU,0,0,0,1,0,
TP-HYU-06,Ressonance Frequency Test,ES 28600-09 - 6.5,Rev. 01,AMBOS,,CLI-HYU,0,0,0,1,0,
TP-HYU-07,Thermal Shock Test,ES 28600-09 - 6.7,Rev. 01,AMBOS,,CLI-HYU,0,0,0,1,0,
TP-HYU-08,Shell Stifness Test,ES 28600-09 - 6.9,Rev. 01,AMBOS,,CLI-HYU,0,0,0,1,0,
TP-HYU-09,Condensate Water Noise,ES 28600-09 - 6.11,Rev. 01,AMBOS,,CLI-HYU,0,0,0,1,0,
TP-RSA-01,Cold Flow Backpresure,34-05-803/--J,Rev. 01,AMBOS,,CLI-RSA,0,0,0,1,0,
TP-RSA-02,Thermal Shock,34-05-803/--J,Rev. 01,AMBOS,,CLI-RSA,9,332,19,1,0,
TP-RSA-03,Hot Shaker,34-05-803/--J,Rev. 01,AMBOS,,CLI-RSA,14,302,21,1,0,
TP-RSA-04,Condensate Evacuation,34-05-803/--J,Rev. 01,AMBOS,,CLI-RSA,0,0,0,1,0,
TP-NIS-01,Thermal Cycle Durability,20000NDS01,Rev. 01,AMBOS,,CLI-NIS,11,375,6,1,0,
TP-NIS-02,Bypass rate,20080NDS01,Rev. 01,AMBOS,,CLI-NIS,0,0,0,1,0,
TP-NIS-03,Catalyst Retaining Performance Test,20080NDS01,Rev. 01,AMBOS,,CLI-NIS,0,0,0,1,0,
TP-NIS-04,Mount Bracket Durability,20000NDS01,Rev. 01,AMBOS,,CLI-NIS,0,0,0,1,0,
